GHO (CODE),GHO (DISPLAY),GHO (URL),YEAR (DISPLAY),STARTYEAR,ENDYEAR,REGION (CODE),REGION (DISPLAY),COUNTRY (CODE),COUNTRY (DISPLAY),DIMENSION (TYPE),DIMENSION (CODE),DIMENSION (NAME),Numeric,Value,Low,High
#indicator+code,#indicator+name,#indicator+url,#date+year,#date+year+start,#date+year+end,#region+code,#region+name,#country+code,#country+name,#dimension+type,#dimension+code,#dimension+name,#indicator+value+num,#indicator+value,#indicator+value+low,#indicator+value+high
NUTRITION_ANAEMIA_REPRODUCTIVEAGE_PREV,Prevalence of anaemia in women of reproductive age (aged 15-49) (%),https://www.who.int/data/gho/data/indicators/indicator-details/GHO/prevalence-of-anaemia-in-women-of-reproductive-age-%28-%29,2003,2003,2003,AFR,Africa,GHA,Ghana,SEX,SEX_FMLE,Female,46.3,46.3 [37.5-56.1],37.5,56.1
MDG_0000000003,Adolescent birth rate (per 1000 women),https://www.who.int/data/gho/data/indicators/indicator-details/GHO/adolescent-birth-rate-%28per-1000-women-aged-15-19-years%29,2016,2016,2016,AFR,Africa,GHA,Ghana,SEX,SEX_FMLE,Female,1.874162078,1.9,,
MDG_0000000003,Adolescent birth rate (per 1000 women),https://www.who.int/data/gho/data/indicators/indicator-details/GHO/adolescent-birth-rate-%28per-1000-women-aged-15-19-years%29,2003,2003,2003,AFR,Africa,GHA,Ghana,SEX,SEX_FMLE,Female,73.25455475,73.3,,
MDG_0000000003,Adolescent birth rate (per 1000 women),https://www.who.int/data/gho/data/indicators/indicator-details/GHO/adolescent-birth-rate-%28per-1000-women-aged-15-19-years%29,2002,2002,2002,AFR,Africa,GHA,Ghana,SEX,SEX_FMLE,Female,0.448340803,0.4,,
MDG_0000000003,Adolescent birth rate (per 1000 women),https://www.who.int/data/gho/data/indicators/indicator-details/GHO/adolescent-birth-rate-%28per-1000-women-aged-15-19-years%29,2005,2005,2005,AFR,Africa,GHA,Ghana,SEX,SEX_FMLE,Female,1.684257865,1.7,,
NUTRITION_ANAEMIA_REPRODUCTIVEAGE_PREV,Prevalence of anaemia in women of reproductive age (aged 15-49) (%),https://www.who.int/data/gho/data/indicators/indicator-details/GHO/prevalence-of-anaemia-in-women-of-reproductive-age-%28-%29,2005,2005,2005,AFR,Africa,GHA,Ghana,SEX,SEX_FMLE,Female,45.2,45.2 [36.1-55.3],36.1,55.3
MDG_0000000003,Adolescent birth rate (per 1000 women),https://www.who.int/data/gho/data/indicators/indicator-details/GHO/adolescent-birth-rate-%28per-1000-women-aged-15-19-years%29,2014,2014,2014,AFR,Africa,GHA,Ghana,SEX,SEX_FMLE,Female,5.471557617,5.5,,
NUTRITION_ANAEMIA_REPRODUCTIVEAGE_PREV,Prevalence of anaemia in women of reproductive age (aged 15-49) (%),https://www.who.int/data/gho/data/indicators/indicator-details/GHO/prevalence-of-anaemia-in-women-of-reproductive-age-%28-%29,2005,2005,2005,AFR,Africa,GHA,Ghana,SEX,SEX_FMLE,Female,52.6,52.6 [45.6-60.2],45.6,60.2
NUTRITION_ANAEMIA_REPRODUCTIVEAGE_PREV,Prevalence of anaemia in women of reproductive age (aged 15-49) (%),https://www.who.int/data/gho/data/indicators/indicator-details/GHO/prevalence-of-anaemia-in-women-of-reproductive-age-%28-%29,2012,2012,2012,AFR,Africa,GHA,Ghana,SEX,SEX_FMLE,Female,40.7,40.7 [32.2-49.2],32.2,49.2
NUTRITION_ANAEMIA_REPRODUCTIVEAGE_NUM,Number of women of reproductive age (aged 15-49 years) with anaemia (thousands),https://www.who.int/data/gho/data/indicators/indicator-details/GHO/anaemia-in-women-of-reproductive-age-number-%28in-thousands%29,2016,2016,2016,AFR,Africa,GHA,Ghana,SEX,SEX_FMLE,Female,260.7,260.7 [229.7-296.6],229.7,296.6
NUTRITION_ANAEMIA_REPRODUCTIVEAGE_NUM,Number of women of reproductive age (aged 15-49 years) with anaemia (thousands),https://www.who.int/data/gho/data/indicators/indicator-details/GHO/anaemia-in-women-of-reproductive-age-number-%28in-thousands%29,2009,2009,2009,AFR,Africa,GHA,Ghana,SEX,SEX_FMLE,Female,258.6,258.6 [222.2-297.6],222.2,297.6
NUTRITION_ANAEMIA_REPRODUCTIVEAGE_PREV,Prevalence of anaemia in women of reproductive age (aged 15-49) (%),https://www.who.int/data/gho/data/indicators/indicator-details/GHO/prevalence-of-anaemia-in-women-of-reproductive-age-%28-%29,2011,2011,2011,AFR,Africa,GHA,Ghana,SEX,SEX_FMLE,Female,41.5,41.5 [32.8-50.4],32.8,50.4
NUTRITION_ANAEMIA_REPRODUCTIVEAGE_PREV,Prevalence of anaemia in women of reproductive age (aged 15-49) (%),https://www.who.int/data/gho/data/indicators/indicator-details/GHO/prevalence-of-anaemia-in-women-of-reproductive-age-%28-%29,2012,2012,2012,AFR,Africa,GHA,Ghana,SEX,SEX_FMLE,Female,41.3,41.3 [33.3-49.4],33.3,49.4
NUTRITION_ANAEMIA_REPRODUCTIVEAGE_NUM,Number of women of reproductive age (aged 15-49 years) with anaemia (thousands),https://www.who.int/data/gho/data/indicators/indicator-details/GHO/anaemia-in-women-of-reproductive-age-number-%28in-thousands%29,2014,2014,2014,AFR,Africa,GHA,Ghana,SEX,SEX_FMLE,Female,2808.0,2808.0 [2284.2-3341.8],2284.2,3341.8
SRHINSTITUTIONALBIRTH,Proportion of births delivered in a health facility (Facility births) (%),https://www.who.int/data/gho/data/indicators/indicator-details/GHO/institutional-births-%28-%29,2006,2004,2006,AFR,Africa,GHA,Ghana,,,,48.7,48.7,,
NUTRITION_ANAEMIA_REPRODUCTIVEAGE_PREV,Prevalence of anaemia in women of reproductive age (aged 15-49) (%),https://www.who.int/data/gho/data/indicators/indicator-details/GHO/prevalence-of-anaemia-in-women-of-reproductive-age-%28-%29,2015,2015,2015,AFR,Africa,GHA,Ghana,SEX,SEX_FMLE,Female,47.1,47.1 [41.4-53.7],41.4,53.7
NUTRITION_ANAEMIA_REPRODUCTIVEAGE_NUM,Number of women of reproductive age (aged 15-49 years) with anaemia (thousands),https://www.who.int/data/gho/data/indicators/indicator-details/GHO/anaemia-in-women-of-reproductive-age-number-%28in-thousands%29,2011,2011,2011,AFR,Africa,GHA,Ghana,SEX,SEX_FMLE,Female,2780.8,2780.8 [2224.9-3332.9],2224.9,3332.9
NUTRITION_ANAEMIA_REPRODUCTIVEAGE_NUM,Number of women of reproductive age (aged 15-49 years) with anaemia (thousands),https://www.who.int/data/gho/data/indicators/indicator-details/GHO/anaemia-in-women-of-reproductive-age-number-%28in-thousands%29,2014,2014,2014,AFR,Africa,GHA,Ghana,SEX,SEX_FMLE,Female,2542.7,2542.7 [2031.9-3063.6],2031.9,3063.6
MDG_0000000003,Adolescent birth rate (per 1000 women),https://www.who.int/data/gho/data/indicators/indicator-details/GHO/adolescent-birth-rate-%28per-1000-women-aged-15-19-years%29,2002,2002,2002,AFR,Africa,GHA,Ghana,SEX,SEX_FMLE,Female,73.66641998,73.7,,
SRHINSTITUTIONALBIRTH,Proportion of births delivered in a health facility (Facility births) (%),https://www.who.int/data/gho/data/indicators/indicator-details/GHO/institutional-births-%28-%29,2018,2015,2018,AFR,Africa,GHA,Ghana,,,,77.9,77.9,,
NUTRITION_ANAEMIA_REPRODUCTIVEAGE_NUM,Number of women of reproductive age (aged 15-49 years) with anaemia (thousands),https://www.who.int/data/gho/data/indicators/indicator-details/GHO/anaemia-in-women-of-reproductive-age-number-%28in-thousands%29,2000,2000,2000,AFR,Africa,GHA,Ghana,SEX,SEX_FMLE,Female,1986.1,1986.1 [1511.2-2522.6],1511.2,2522.6
NUTRITION_ANAEMIA_REPRODUCTIVEAGE_NUM,Number of women of reproductive age (aged 15-49 years) with anaemia (thousands),https://www.who.int/data/gho/data/indicators/indicator-details/GHO/anaemia-in-women-of-reproductive-age-number-%28in-thousands%29,2000,2000,2000,AFR,Africa,GHA,Ghana,SEX,SEX_FMLE,Female,241.4,241.4 [202.6-282.1],202.6,282.1
NUTRITION_ANAEMIA_REPRODUCTIVEAGE_NUM,Number of women of reproductive age (aged 15-49 years) with anaemia (thousands),https://www.who.int/data/gho/data/indicators/indicator-details/GHO/anaemia-in-women-of-reproductive-age-number-%28in-thousands%29,2012,2012,2012,AFR,Africa,GHA,Ghana,SEX,SEX_FMLE,Female,2788.9,2788.9 [2245.2-3335.1],2245.2,3335.1
NUTRITION_ANAEMIA_REPRODUCTIVEAGE_PREV,Prevalence of anaemia in women of reproductive age (aged 15-49) (%),https://www.who.int/data/gho/data/indicators/indicator-details/GHO/prevalence-of-anaemia-in-women-of-reproductive-age-%28-%29,2021,2021,2021,AFR,Africa,GHA,Ghana,SEX,SEX_FMLE,Female,45.2,45.2 [38.9-52.0],38.9,52.0
MDG_0000000003,Adolescent birth rate (per 1000 women),https://www.who.int/data/gho/data/indicators/indicator-details/GHO/adolescent-birth-rate-%28per-1000-women-aged-15-19-years%29,2009,2009,2009,AFR,Africa,GHA,Ghana,SEX,SEX_FMLE,Female,2.227718353,2.2,,
MDG_0000000003,Adolescent birth rate (per 1000 women),https://www.who.int/data/gho/data/indicators/indicator-details/GHO/adolescent-birth-rate-%28per-1000-women-aged-15-19-years%29,2007,2007,2007,AFR,Africa,GHA,Ghana,SEX,SEX_FMLE,Female,80.30833435,80.3,,
MDG_0000000003,Adolescent birth rate (per 1000 women),https://www.who.int/data/gho/data/indicators/indicator-details/GHO/adolescent-birth-rate-%28per-1000-women-aged-15-19-years%29,2012,2012,2012,AFR,Africa,GHA,Ghana,SEX,SEX_FMLE,Female,0.912721813,0.9,,
NUTRITION_ANAEMIA_REPRODUCTIVEAGE_PREV,Prevalence of anaemia in women of reproductive age (aged 15-49) (%),https://www.who.int/data/gho/data/indicators/indicator-details/GHO/prevalence-of-anaemia-in-women-of-reproductive-age-%28-%29,2016,2016,2016,AFR,Africa,GHA,Ghana,SEX,SEX_FMLE,Female,37.8,37.8 [30.4-45.6],30.4,45.6
WHS4_115,Births by caesarean section (%),https://www.who.int/data/gho/data/indicators/indicator-details/GHO/births-by-caesarean-section-%28-%29,2014,2009,2014,AFR,Africa,GHA,Ghana,,,,12.8,12.8,,
NUTRITION_ANAEMIA_REPRODUCTIVEAGE_NUM,Number of women of reproductive age (aged 15-49 years) with anaemia (thousands),https://www.who.int/data/gho/data/indicators/indicator-details/GHO/anaemia-in-women-of-reproductive-age-number-%28in-thousands%29,2010,2010,2010,AFR,Africa,GHA,Ghana,SEX,SEX_FMLE,Female,262.2,262.2 [225.5-301.0],225.5,301.0
NUTRITION_ANAEMIA_REPRODUCTIVEAGE_PREV,Prevalence of anaemia in women of reproductive age (aged 15-49) (%),https://www.who.int/data/gho/data/indicators/indicator-details/GHO/prevalence-of-anaemia-in-women-of-reproductive-age-%28-%29,2000,2000,2000,AFR,Africa,GHA,Ghana,SEX,SEX_FMLE,Female,46.4,46.4 [35.3-58.9],35.3,58.9
NUTRITION_ANAEMIA_REPRODUCTIVEAGE_NUM,Number of women of reproductive age (aged 15-49 years) with anaemia (thousands),https://www.who.int/data/gho/data/indicators/indicator-details/GHO/anaemia-in-women-of-reproductive-age-number-%28in-thousands%29,2006,2006,2006,AFR,Africa,GHA,Ghana,SEX,SEX_FMLE,Female,2626.4,2626.4 [2130.7-3161.9],2130.7,3161.9
NUTRITION_ANAEMIA_REPRODUCTIVEAGE_NUM,Number of women of reproductive age (aged 15-49 years) with anaemia (thousands),https://www.who.int/data/gho/data/indicators/indicator-details/GHO/anaemia-in-women-of-reproductive-age-number-%28in-thousands%29,2011,2011,2011,AFR,Africa,GHA,Ghana,SEX,SEX_FMLE,Female,265.1,265.1 [228.7-304.0],228.7,304.0
NUTRITION_ANAEMIA_REPRODUCTIVEAGE_NUM,Number of women of reproductive age (aged 15-49 years) with anaemia (thousands),https://www.who.int/data/gho/data/indicators/indicator-details/GHO/anaemia-in-women-of-reproductive-age-number-%28in-thousands%29,2010,2010,2010,AFR,Africa,GHA,Ghana,SEX,SEX_FMLE,Female,2770.2,2770.2 [2216.5-3332.6],2216.5,3332.6
NUTRITION_ANAEMIA_REPRODUCTIVEAGE_NUM,Number of women of reproductive age (aged 15-49 years) with anaemia (thousands),https://www.who.int/data/gho/data/indicators/indicator-details/GHO/anaemia-in-women-of-reproductive-age-number-%28in-thousands%29,2010,2010,2010,AFR,Africa,GHA,Ghana,SEX,SEX_FMLE,Female,2508.0,2508.0 [1975.8-3065.0],1975.8,3065.0
NUTRITION_ANAEMIA_REPRODUCTIVEAGE_PREV,Prevalence of anaemia in women of reproductive age (aged 15-49) (%),https://www.who.int/data/gho/data/indicators/indicator-details/GHO/prevalence-of-anaemia-in-women-of-reproductive-age-%28-%29,2005,2005,2005,AFR,Africa,GHA,Ghana,SEX,SEX_FMLE,Female,45.9,45.9 [37.3-55.4],37.3,55.4
NUTRITION_ANAEMIA_REPRODUCTIVEAGE_PREV,Prevalence of anaemia in women of reproductive age (aged 15-49) (%),https://www.who.int/data/gho/data/indicators/indicator-details/GHO/prevalence-of-anaemia-in-women-of-reproductive-age-%28-%29,2013,2013,2013,AFR,Africa,GHA,Ghana,SEX,SEX_FMLE,Female,40.6,40.6 [32.8-48.4],32.8,48.4
NUTRITION_ANAEMIA_REPRODUCTIVEAGE_PREV,Prevalence of anaemia in women of reproductive age (aged 15-49) (%),https://www.who.int/data/gho/data/indicators/indicator-details/GHO/prevalence-of-anaemia-in-women-of-reproductive-age-%28-%29,2014,2014,2014,AFR,Africa,GHA,Ghana,SEX,SEX_FMLE,Female,39.2,39.2 [31.3-47.2],31.3,47.2
NUTRITION_ANAEMIA_REPRODUCTIVEAGE_PREV,Prevalence of anaemia in women of reproductive age (aged 15-49) (%),https://www.who.int/data/gho/data/indicators/indicator-details/GHO/prevalence-of-anaemia-in-women-of-reproductive-age-%28-%29,2006,2006,2006,AFR,Africa,GHA,Ghana,SEX,SEX_FMLE,Female,44.9,44.9 [35.8-54.8],35.8,54.8
MDG_0000000003,Adolescent birth rate (per 1000 women),https://www.who.int/data/gho/data/indicators/indicator-details/GHO/adolescent-birth-rate-%28per-1000-women-aged-15-19-years%29,2003,2003,2003,AFR,Africa,GHA,Ghana,SEX,SEX_FMLE,Female,2.192457676,2.2,,
NUTRITION_ANAEMIA_REPRODUCTIVEAGE_PREV,Prevalence of anaemia in women of reproductive age (aged 15-49) (%),https://www.who.int/data/gho/data/indicators/indicator-details/GHO/prevalence-of-anaemia-in-women-of-reproductive-age-%28-%29,2021,2021,2021,AFR,Africa,GHA,Ghana,SEX,SEX_FMLE,Female,35.5,35.5 [27.7-43.9],27.7,43.9
NUTRITION_ANAEMIA_REPRODUCTIVEAGE_NUM,Number of women of reproductive age (aged 15-49 years) with anaemia (thousands),https://www.who.int/data/gho/data/indicators/indicator-details/GHO/anaemia-in-women-of-reproductive-age-number-%28in-thousands%29,2023,2023,2023,AFR,Africa,GHA,Ghana,SEX,SEX_FMLE,Female,3099.3,3099.3 [2348.0-3899.6],2348.0,3899.6
NUTRITION_ANAEMIA_REPRODUCTIVEAGE_PREV,Prevalence of anaemia in women of reproductive age (aged 15-49) (%),https://www.who.int/data/gho/data/indicators/indicator-details/GHO/prevalence-of-anaemia-in-women-of-reproductive-age-%28-%29,2002,2002,2002,AFR,Africa,GHA,Ghana,SEX,SEX_FMLE,Female,46.5,46.5 [37.4-57.0],37.4,57.0
NUTRITION_ANAEMIA_REPRODUCTIVEAGE_PREV,Prevalence of anaemia in women of reproductive age (aged 15-49) (%),https://www.who.int/data/gho/data/indicators/indicator-details/GHO/prevalence-of-anaemia-in-women-of-reproductive-age-%28-%29,2004,2004,2004,AFR,Africa,GHA,Ghana,SEX,SEX_FMLE,Female,45.5,45.5 [36.3-55.7],36.3,55.7
SRHINSTITUTIONALBIRTH,Proportion of births delivered in a health facility (Facility births) (%),https://www.who.int/data/gho/data/indicators/indicator-details/GHO/institutional-births-%28-%29,1993,1990,1993,AFR,Africa,GHA,Ghana,,,,42.2,42.2,,
MDG_0000000003,Adolescent birth rate (per 1000 women),https://www.who.int/data/gho/data/indicators/indicator-details/GHO/adolescent-birth-rate-%28per-1000-women-aged-15-19-years%29,2004,2004,2004,AFR,Africa,GHA,Ghana,SEX,SEX_FMLE,Female,1.972976804,2.0,,
NUTRITION_ANAEMIA_REPRODUCTIVEAGE_PREV,Prevalence of anaemia in women of reproductive age (aged 15-49) (%),https://www.who.int/data/gho/data/indicators/indicator-details/GHO/prevalence-of-anaemia-in-women-of-reproductive-age-%28-%29,2014,2014,2014,AFR,Africa,GHA,Ghana,SEX,SEX_FMLE,Female,47.5,47.5 [41.6-54.2],41.6,54.2
NUTRITION_ANAEMIA_REPRODUCTIVEAGE_NUM,Number of women of reproductive age (aged 15-49 years) with anaemia (thousands),https://www.who.int/data/gho/data/indicators/indicator-details/GHO/anaemia-in-women-of-reproductive-age-number-%28in-thousands%29,2008,2008,2008,AFR,Africa,GHA,Ghana,SEX,SEX_FMLE,Female,256.9,256.9 [221.0-294.9],221.0,294.9
NUTRITION_ANAEMIA_REPRODUCTIVEAGE_NUM,Number of women of reproductive age (aged 15-49 years) with anaemia (thousands),https://www.who.int/data/gho/data/indicators/indicator-details/GHO/anaemia-in-women-of-reproductive-age-number-%28in-thousands%29,2015,2015,2015,AFR,Africa,GHA,Ghana,SEX,SEX_FMLE,Female,265.1,265.1 [232.8-302.2],232.8,302.2
NUTRITION_ANAEMIA_REPRODUCTIVEAGE_PREV,Prevalence of anaemia in women of reproductive age (aged 15-49) (%),https://www.who.int/data/gho/data/indicators/indicator-details/GHO/prevalence-of-anaemia-in-women-of-reproductive-age-%28-%29,2023,2023,2023,AFR,Africa,GHA,Ghana,SEX,SEX_FMLE,Female,36.0,36.0 [27.2-45.3],27.2,45.3
NUTRITION_ANAEMIA_REPRODUCTIVEAGE_NUM,Number of women of reproductive age (aged 15-49 years) with anaemia (thousands),https://www.who.int/data/gho/data/indicators/indicator-details/GHO/anaemia-in-women-of-reproductive-age-number-%28in-thousands%29,2018,2018,2018,AFR,Africa,GHA,Ghana,SEX,SEX_FMLE,Female,2874.6,2874.6 [2350.3-3443.7],2350.3,3443.7
MDG_0000000025,Births attended by skilled health personnel (%),https://www.who.int/data/gho/data/indicators/indicator-details/GHO/births-attended-by-skilled-health-personnel-%28-%29,2008,2008,2008,AFR,Africa,GHA,Ghana,,,,55.0,55,,
MDG_0000000003,Adolescent birth rate (per 1000 women),https://www.who.int/data/gho/data/indicators/indicator-details/GHO/adolescent-birth-rate-%28per-1000-women-aged-15-19-years%29,2014,2014,2014,AFR,Africa,GHA,Ghana,SEX,SEX_FMLE,Female,76.65619659,76.7,,
NUTRITION_ANAEMIA_REPRODUCTIVEAGE_NUM,Number of women of reproductive age (aged 15-49 years) with anaemia (thousands),https://www.who.int/data/gho/data/indicators/indicator-details/GHO/anaemia-in-women-of-reproductive-age-number-%28in-thousands%29,2015,2015,2015,AFR,Africa,GHA,Ghana,SEX,SEX_FMLE,Female,2555.5,2555.5 [2048.9-3084.1],2048.9,3084.1
SRHINSTITUTIONALBIRTH,Proportion of births delivered in a health facility (Facility births) (%),https://www.who.int/data/gho/data/indicators/indicator-details/GHO/institutional-births-%28-%29,2014,2009,2014,AFR,Africa,GHA,Ghana,,,,73.1,73.1,,
NUTRITION_ANAEMIA_REPRODUCTIVEAGE_PREV,Prevalence of anaemia in women of reproductive age (aged 15-49) (%),https://www.who.int/data/gho/data/indicators/indicator-details/GHO/prevalence-of-anaemia-in-women-of-reproductive-age-%28-%29,2014,2014,2014,AFR,Africa,GHA,Ghana,SEX,SEX_FMLE,Female,39.8,39.8 [32.4-47.4],32.4,47.4
NUTRITION_ANAEMIA_REPRODUCTIVEAGE_PREV,Prevalence of anaemia in women of reproductive age (aged 15-49) (%),https://www.who.int/data/gho/data/indicators/indicator-details/GHO/prevalence-of-anaemia-in-women-of-reproductive-age-%28-%29,2006,2006,2006,AFR,Africa,GHA,Ghana,SEX,SEX_FMLE,Female,52.2,52.2 [45.1-59.7],45.1,59.7
MDG_0000000003,Adolescent birth rate (per 1000 women),https://www.who.int/data/gho/data/indicators/indicator-details/GHO/adolescent-birth-rate-%28per-1000-women-aged-15-19-years%29,2006,2006,2006,AFR,Africa,GHA,Ghana,SEX,SEX_FMLE,Female,1.249065757,1.2,,
NUTRITION_ANAEMIA_REPRODUCTIVEAGE_PREV,Prevalence of anaemia in women of reproductive age (aged 15-49) (%),https://www.who.int/data/gho/data/indicators/indicator-details/GHO/prevalence-of-anaemia-in-women-of-reproductive-age-%28-%29,2001,2001,2001,AFR,Africa,GHA,Ghana,SEX,SEX_FMLE,Female,53.8,53.8 [45.9-62.2],45.9,62.2
NUTRITION_ANAEMIA_REPRODUCTIVEAGE_NUM,Number of women of reproductive age (aged 15-49 years) with anaemia (thousands),https://www.who.int/data/gho/data/indicators/indicator-details/GHO/anaemia-in-women-of-reproductive-age-number-%28in-thousands%29,2020,2020,2020,AFR,Africa,GHA,Ghana,SEX,SEX_FMLE,Female,249.8,249.8 [218.2-285.6],218.2,285.6
NUTRITION_ANAEMIA_REPRODUCTIVEAGE_NUM,Number of women of reproductive age (aged 15-49 years) with anaemia (thousands),https://www.who.int/data/gho/data/indicators/indicator-details/GHO/anaemia-in-women-of-reproductive-age-number-%28in-thousands%29,2018,2018,2018,AFR,Africa,GHA,Ghana,SEX,SEX_FMLE,Female,251.6,251.6 [221.5-286.1],221.5,286.1
NUTRITION_ANAEMIA_REPRODUCTIVEAGE_PREV,Prevalence of anaemia in women of reproductive age (aged 15-49) (%),https://www.who.int/data/gho/data/indicators/indicator-details/GHO/prevalence-of-anaemia-in-women-of-reproductive-age-%28-%29,2004,2004,2004,AFR,Africa,GHA,Ghana,SEX,SEX_FMLE,Female,46.1,46.1 [37.5-55.7],37.5,55.7
NUTRITION_ANAEMIA_REPRODUCTIVEAGE_PREV,Prevalence of anaemia in women of reproductive age (aged 15-49) (%),https://www.who.int/data/gho/data/indicators/indicator-details/GHO/prevalence-of-anaemia-in-women-of-reproductive-age-%28-%29,2009,2009,2009,AFR,Africa,GHA,Ghana,SEX,SEX_FMLE,Female,43.7,43.7 [35.0-52.7],35.0,52.7
NUTRITION_ANAEMIA_REPRODUCTIVEAGE_PREV,Prevalence of anaemia in women of reproductive age (aged 15-49) (%),https://www.who.int/data/gho/data/indicators/indicator-details/GHO/prevalence-of-anaemia-in-women-of-reproductive-age-%28-%29,2019,2019,2019,AFR,Africa,GHA,Ghana,SEX,SEX_FMLE,Female,36.1,36.1 [28.9-44.1],28.9,44.1
MDG_0000000003,Adolescent birth rate (per 1000 women),https://www.who.int/data/gho/data/indicators/indicator-details/GHO/adolescent-birth-rate-%28per-1000-women-aged-15-19-years%29,2013,2013,2013,AFR,Africa,GHA,Ghana,SEX,SEX_FMLE,Female,76.29815674,76.3,,
NUTRITION_ANAEMIA_REPRODUCTIVEAGE_PREV,Prevalence of anaemia in women of reproductive age (aged 15-49) (%),https://www.who.int/data/gho/data/indicators/indicator-details/GHO/prevalence-of-anaemia-in-women-of-reproductive-age-%28-%29,2011,2011,2011,AFR,Africa,GHA,Ghana,SEX,SEX_FMLE,Female,49.2,49.2 [42.5-56.5],42.5,56.5
NUTRITION_ANAEMIA_REPRODUCTIVEAGE_NUM,Number of women of reproductive age (aged 15-49 years) with anaemia (thousands),https://www.who.int/data/gho/data/indicators/indicator-details/GHO/anaemia-in-women-of-reproductive-age-number-%28in-thousands%29,2017,2017,2017,AFR,Africa,GHA,Ghana,SEX,SEX_FMLE,Female,2600.8,2600.8 [2103.1-3143.2],2103.1,3143.2
SRHINSTITUTIONALBIRTH,Proportion of births delivered in a health facility (Facility births) (%),https://www.who.int/data/gho/data/indicators/indicator-details/GHO/institutional-births-%28-%29,1998,1993,1998,AFR,Africa,GHA,Ghana,,,,43.4,43.4,,
WHS4_154,Antenatal care coverage - at least four visits (%),https://www.who.int/data/gho/data/indicators/indicator-details/GHO/antenatal-care-coverage-at-least-four-visits,2011,2009,2011,AFR,Africa,GHA,Ghana,,,,86.6,86.6,,
NUTRITION_ANAEMIA_REPRODUCTIVEAGE_NUM,Number of women of reproductive age (aged 15-49 years) with anaemia (thousands),https://www.who.int/data/gho/data/indicators/indicator-details/GHO/anaemia-in-women-of-reproductive-age-number-%28in-thousands%29,2003,2003,2003,AFR,Africa,GHA,Ghana,SEX,SEX_FMLE,Female,249.8,249.8 [216.7-286.4],216.7,286.4
NUTRITION_ANAEMIA_REPRODUCTIVEAGE_NUM,Number of women of reproductive age (aged 15-49 years) with anaemia (thousands),https://www.who.int/data/gho/data/indicators/indicator-details/GHO/anaemia-in-women-of-reproductive-age-number-%28in-thousands%29,2001,2001,2001,AFR,Africa,GHA,Ghana,SEX,SEX_FMLE,Female,244.9,244.9 [208.7-282.9],208.7,282.9
NUTRITION_ANAEMIA_REPRODUCTIVEAGE_PREV,Prevalence of anaemia in women of reproductive age (aged 15-49) (%),https://www.who.int/data/gho/data/indicators/indicator-details/GHO/prevalence-of-anaemia-in-women-of-reproductive-age-%28-%29,2022,2022,2022,AFR,Africa,GHA,Ghana,SEX,SEX_FMLE,Female,35.3,35.3 [27.0-44.2],27.0,44.2
NUTRITION_ANAEMIA_REPRODUCTIVEAGE_PREV,Prevalence of anaemia in women of reproductive age (aged 15-49) (%),https://www.who.int/data/gho/data/indicators/indicator-details/GHO/prevalence-of-anaemia-in-women-of-reproductive-age-%28-%29,2018,2018,2018,AFR,Africa,GHA,Ghana,SEX,SEX_FMLE,Female,37.2,37.2 [30.4-44.6],30.4,44.6
MDG_0000000003,Adolescent birth rate (per 1000 women),https://www.who.int/data/gho/data/indicators/indicator-details/GHO/adolescent-birth-rate-%28per-1000-women-aged-15-19-years%29,2018,2018,2018,AFR,Africa,GHA,Ghana,SEX,SEX_FMLE,Female,0.669691563,0.7,,
NUTRITION_ANAEMIA_REPRODUCTIVEAGE_PREV,Prevalence of anaemia in women of reproductive age (aged 15-49) (%),https://www.who.int/data/gho/data/indicators/indicator-details/GHO/prevalence-of-anaemia-in-women-of-reproductive-age-%28-%29,2017,2017,2017,AFR,Africa,GHA,Ghana,SEX,SEX_FMLE,Female,46.3,46.3 [40.9-52.6],40.9,52.6
NUTRITION_ANAEMIA_REPRODUCTIVEAGE_PREV,Prevalence of anaemia in women of reproductive age (aged 15-49) (%),https://www.who.int/data/gho/data/indicators/indicator-details/GHO/prevalence-of-anaemia-in-women-of-reproductive-age-%28-%29,2010,2010,2010,AFR,Africa,GHA,Ghana,SEX,SEX_FMLE,Female,49.9,49.9 [42.9-57.3],42.9,57.3
NUTRITION_ANAEMIA_REPRODUCTIVEAGE_PREV,Prevalence of anaemia in women of reproductive age (aged 15-49) (%),https://www.who.int/data/gho/data/indicators/indicator-details/GHO/prevalence-of-anaemia-in-women-of-reproductive-age-%28-%29,2007,2007,2007,AFR,Africa,GHA,Ghana,SEX,SEX_FMLE,Female,45.1,45.1 [36.4-54.4],36.4,54.4
NUTRITION_ANAEMIA_REPRODUCTIVEAGE_NUM,Number of women of reproductive age (aged 15-49 years) with anaemia (thousands),https://www.who.int/data/gho/data/indicators/indicator-details/GHO/anaemia-in-women-of-reproductive-age-number-%28in-thousands%29,2016,2016,2016,AFR,Africa,GHA,Ghana,SEX,SEX_FMLE,Female,2836.9,2836.9 [2317.0-3382.1],2317.0,3382.1
MDG_0000000003,Adolescent birth rate (per 1000 women),https://www.who.int/data/gho/data/indicators/indicator-details/GHO/adolescent-birth-rate-%28per-1000-women-aged-15-19-years%29,2010,2010,2010,AFR,Africa,GHA,Ghana,SEX,SEX_FMLE,Female,70.81497955,70.8,,
MDG_0000000003,Adolescent birth rate (per 1000 women),https://www.who.int/data/gho/data/indicators/indicator-details/GHO/adolescent-birth-rate-%28per-1000-women-aged-15-19-years%29,2021,2021,2021,AFR,Africa,GHA,Ghana,SEX,SEX_FMLE,Female,2.0,2.0,,
NUTRITION_ANAEMIA_REPRODUCTIVEAGE_PREV,Prevalence of anaemia in women of reproductive age (aged 15-49) (%),https://www.who.int/data/gho/data/indicators/indicator-details/GHO/prevalence-of-anaemia-in-women-of-reproductive-age-%28-%29,2020,2020,2020,AFR,Africa,GHA,Ghana,SEX,SEX_FMLE,Female,35.7,35.7 [28.2-43.9],28.2,43.9
NUTRITION_ANAEMIA_REPRODUCTIVEAGE_PREV,Prevalence of anaemia in women of reproductive age (aged 15-49) (%),https://www.who.int/data/gho/data/indicators/indicator-details/GHO/prevalence-of-anaemia-in-women-of-reproductive-age-%28-%29,2007,2007,2007,AFR,Africa,GHA,Ghana,SEX,SEX_FMLE,Female,51.7,51.7 [44.5-59.1],44.5,59.1
NUTRITION_ANAEMIA_REPRODUCTIVEAGE_NUM,Number of women of reproductive age (aged 15-49 years) with anaemia (thousands),https://www.who.int/data/gho/data/indicators/indicator-details/GHO/anaemia-in-women-of-reproductive-age-number-%28in-thousands%29,2013,2013,2013,AFR,Africa,GHA,Ghana,SEX,SEX_FMLE,Female,267.6,267.6 [233.2-305.5],233.2,305.5
NUTRITION_ANAEMIA_REPRODUCTIVEAGE_NUM,Number of women of reproductive age (aged 15-49 years) with anaemia (thousands),https://www.who.int/data/gho/data/indicators/indicator-details/GHO/anaemia-in-women-of-reproductive-age-number-%28in-thousands%29,2019,2019,2019,AFR,Africa,GHA,Ghana,SEX,SEX_FMLE,Female,250.5,250.5 [220.0-284.8],220.0,284.8
NUTRITION_ANAEMIA_REPRODUCTIVEAGE_PREV,Prevalence of anaemia in women of reproductive age (aged 15-49) (%),https://www.who.int/data/gho/data/indicators/indicator-details/GHO/prevalence-of-anaemia-in-women-of-reproductive-age-%28-%29,2003,2003,2003,AFR,Africa,GHA,Ghana,SEX,SEX_FMLE,Female,45.6,45.6 [36.3-56.2],36.3,56.2
MDG_0000000025,Births attended by skilled health personnel (%),https://www.who.int/data/gho/data/indicators/indicator-details/GHO/births-attended-by-skilled-health-personnel-%28-%29,2017,2017,2017,AFR,Africa,GHA,Ghana,,,,78.0,78,,
NUTRITION_ANAEMIA_REPRODUCTIVEAGE_NUM,Number of women of reproductive age (aged 15-49 years) with anaemia (thousands),https://www.who.int/data/gho/data/indicators/indicator-details/GHO/anaemia-in-women-of-reproductive-age-number-%28in-thousands%29,2003,2003,2003,AFR,Africa,GHA,Ghana,SEX,SEX_FMLE,Female,2428.3,2428.3 [1968.0-2940.4],1968.0,2940.4
NUTRITION_ANAEMIA_REPRODUCTIVEAGE_PREV,Prevalence of anaemia in women of reproductive age (aged 15-49) (%),https://www.who.int/data/gho/data/indicators/indicator-details/GHO/prevalence-of-anaemia-in-women-of-reproductive-age-%28-%29,2001,2001,2001,AFR,Africa,GHA,Ghana,SEX,SEX_FMLE,Female,46.1,46.1 [35.8-57.8],35.8,57.8
NUTRITION_ANAEMIA_REPRODUCTIVEAGE_NUM,Number of women of reproductive age (aged 15-49 years) with anaemia (thousands),https://www.who.int/data/gho/data/indicators/indicator-details/GHO/anaemia-in-women-of-reproductive-age-number-%28in-thousands%29,2022,2022,2022,AFR,Africa,GHA,Ghana,SEX,SEX_FMLE,Female,250.8,250.8 [212.6-291.4],212.6,291.4
SRHINSTITUTIONALBIRTH,Proportion of births delivered in a health facility (Facility births) (%),https://www.who.int/data/gho/data/indicators/indicator-details/GHO/institutional-births-%28-%29,2017,2012,2017,AFR,Africa,GHA,Ghana,,,,78.7,78.7,,
NUTRITION_ANAEMIA_REPRODUCTIVEAGE_PREV,Prevalence of anaemia in women of reproductive age (aged 15-49) (%),https://www.who.int/data/gho/data/indicators/indicator-details/GHO/prevalence-of-anaemia-in-women-of-reproductive-age-%28-%29,2019,2019,2019,AFR,Africa,GHA,Ghana,SEX,SEX_FMLE,Female,45.7,45.7 [40.1-51.9],40.1,51.9
NUTRITION_ANAEMIA_REPRODUCTIVEAGE_NUM,Number of women of reproductive age (aged 15-49 years) with anaemia (thousands),https://www.who.int/data/gho/data/indicators/indicator-details/GHO/anaemia-in-women-of-reproductive-age-number-%28in-thousands%29,2012,2012,2012,AFR,Africa,GHA,Ghana,SEX,SEX_FMLE,Female,266.8,266.8 [231.1-305.5],231.1,305.5
NUTRITION_ANAEMIA_REPRODUCTIVEAGE_NUM,Number of women of reproductive age (aged 15-49 years) with anaemia (thousands),https://www.who.int/data/gho/data/indicators/indicator-details/GHO/anaemia-in-women-of-reproductive-age-number-%28in-thousands%29,2012,2012,2012,AFR,Africa,GHA,Ghana,SEX,SEX_FMLE,Female,2522.2,2522.2 [1995.5-3049.6],1995.5,3049.6
MDG_0000000025,Births attended by skilled health personnel (%),https://www.who.int/data/gho/data/indicators/indicator-details/GHO/births-attended-by-skilled-health-personnel-%28-%29,2018,2017,2018,AFR,Africa,GHA,Ghana,,,,79.0,79,,
NUTRITION_ANAEMIA_REPRODUCTIVEAGE_PREV,Prevalence of anaemia in women of reproductive age (aged 15-49) (%),https://www.who.int/data/gho/data/indicators/indicator-details/GHO/prevalence-of-anaemia-in-women-of-reproductive-age-%28-%29,2011,2011,2011,AFR,Africa,GHA,Ghana,SEX,SEX_FMLE,Female,42.1,42.1 [33.7-50.5],33.7,50.5
MDG_0000000025,Births attended by skilled health personnel (%),https://www.who.int/data/gho/data/indicators/indicator-details/GHO/births-attended-by-skilled-health-personnel-%28-%29,2006,2006,2006,AFR,Africa,GHA,Ghana,,,,50.0,50,,
NUTRITION_ANAEMIA_REPRODUCTIVEAGE_NUM,Number of women of reproductive age (aged 15-49 years) with anaemia (thousands),https://www.who.int/data/gho/data/indicators/indicator-details/GHO/anaemia-in-women-of-reproductive-age-number-%28in-thousands%29,2002,2002,2002,AFR,Africa,GHA,Ghana,SEX,SEX_FMLE,Female,2358.5,2358.5 [1892.6-2887.7],1892.6,2887.7
NUTRITION_ANAEMIA_REPRODUCTIVEAGE_PREV,Prevalence of anaemia in women of reproductive age (aged 15-49) (%),https://www.who.int/data/gho/data/indicators/indicator-details/GHO/prevalence-of-anaemia-in-women-of-reproductive-age-%28-%29,2009,2009,2009,AFR,Africa,GHA,Ghana,SEX,SEX_FMLE,Female,43.1,43.1 [34.0-52.7],34.0,52.7
NUTRITION_ANAEMIA_REPRODUCTIVEAGE_NUM,Number of women of reproductive age (aged 15-49 years) with anaemia (thousands),https://www.who.int/data/gho/data/indicators/indicator-details/GHO/anaemia-in-women-of-reproductive-age-number-%28in-thousands%29,2023,2023,2023,AFR,Africa,GHA,Ghana,SEX,SEX_FMLE,Female,2846.2,2846.2 [2117.5-3624.1],2117.5,3624.1
NUTRITION_ANAEMIA_REPRODUCTIVEAGE_PREV,Prevalence of anaemia in women of reproductive age (aged 15-49) (%),https://www.who.int/data/gho/data/indicators/indicator-details/GHO/prevalence-of-anaemia-in-women-of-reproductive-age-%28-%29,2013,2013,2013,AFR,Africa,GHA,Ghana,SEX,SEX_FMLE,Female,48.1,48.1 [41.9-54.9],41.9,54.9
NUTRITION_ANAEMIA_REPRODUCTIVEAGE_PREV,Prevalence of anaemia in women of reproductive age (aged 15-49) (%),https://www.who.int/data/gho/data/indicators/indicator-details/GHO/prevalence-of-anaemia-in-women-of-reproductive-age-%28-%29,2008,2008,2008,AFR,Africa,GHA,Ghana,SEX,SEX_FMLE,Female,43.9,43.9 [34.8-53.5],34.8,53.5
NUTRITION_ANAEMIA_REPRODUCTIVEAGE_NUM,Number of women of reproductive age (aged 15-49 years) with anaemia (thousands),https://www.who.int/data/gho/data/indicators/indicator-details/GHO/anaemia-in-women-of-reproductive-age-number-%28in-thousands%29,2021,2021,2021,AFR,Africa,GHA,Ghana,SEX,SEX_FMLE,Female,2728.7,2728.7 [2128.6-3377.3],2128.6,3377.3
NUTRITION_ANAEMIA_REPRODUCTIVEAGE_PREV,Prevalence of anaemia in women of reproductive age (aged 15-49) (%),https://www.who.int/data/gho/data/indicators/indicator-details/GHO/prevalence-of-anaemia-in-women-of-reproductive-age-%28-%29,2004,2004,2004,AFR,Africa,GHA,Ghana,SEX,SEX_FMLE,Female,53.0,53.0 [46.1-60.7],46.1,60.7
NUTRITION_ANAEMIA_REPRODUCTIVEAGE_PREV,Prevalence of anaemia in women of reproductive age (aged 15-49) (%),https://www.who.int/data/gho/data/indicators/indicator-details/GHO/prevalence-of-anaemia-in-women-of-reproductive-age-%28-%29,2002,2002,2002,AFR,Africa,GHA,Ghana,SEX,SEX_FMLE,Female,53.6,53.6 [46.2-61.7],46.2,61.7
WHS4_154,Antenatal care coverage - at least four visits (%),https://www.who.int/data/gho/data/indicators/indicator-details/GHO/antenatal-care-coverage-at-least-four-visits,1998,1993,1998,AFR,Africa,GHA,Ghana,,,,62.3,62.3,,
NUTRITION_ANAEMIA_REPRODUCTIVEAGE_PREV,Prevalence of anaemia in women of reproductive age (aged 15-49) (%),https://www.who.int/data/gho/data/indicators/indicator-details/GHO/prevalence-of-anaemia-in-women-of-reproductive-age-%28-%29,2023,2023,2023,AFR,Africa,GHA,Ghana,SEX,SEX_FMLE,Female,35.3,35.3 [26.3-45.0],26.3,45.0
NUTRITION_ANAEMIA_REPRODUCTIVEAGE_NUM,Number of women of reproductive age (aged 15-49 years) with anaemia (thousands),https://www.who.int/data/gho/data/indicators/indicator-details/GHO/anaemia-in-women-of-reproductive-age-number-%28in-thousands%29,2015,2015,2015,AFR,Africa,GHA,Ghana,SEX,SEX_FMLE,Female,2820.6,2820.6 [2298.8-3353.1],2298.8,3353.1
NUTRITION_ANAEMIA_REPRODUCTIVEAGE_PREV,Prevalence of anaemia in women of reproductive age (aged 15-49) (%),https://www.who.int/data/gho/data/indicators/indicator-details/GHO/prevalence-of-anaemia-in-women-of-reproductive-age-%28-%29,2018,2018,2018,AFR,Africa,GHA,Ghana,SEX,SEX_FMLE,Female,36.6,36.6 [29.5-44.4],29.5,44.4
NUTRITION_ANAEMIA_REPRODUCTIVEAGE_PREV,Prevalence of anaemia in women of reproductive age (aged 15-49) (%),https://www.who.int/data/gho/data/indicators/indicator-details/GHO/prevalence-of-anaemia-in-women-of-reproductive-age-%28-%29,2015,2015,2015,AFR,Africa,GHA,Ghana,SEX,SEX_FMLE,Female,39.1,39.1 [31.9-46.5],31.9,46.5
NUTRITION_ANAEMIA_REPRODUCTIVEAGE_NUM,Number of women of reproductive age (aged 15-49 years) with anaemia (thousands),https://www.who.int/data/gho/data/indicators/indicator-details/GHO/anaemia-in-women-of-reproductive-age-number-%28in-thousands%29,2001,2001,2001,AFR,Africa,GHA,Ghana,SEX,SEX_FMLE,Female,2289.8,2289.8 [1818.2-2821.4],1818.2,2821.4
NUTRITION_ANAEMIA_REPRODUCTIVEAGE_NUM,Number of women of reproductive age (aged 15-49 years) with anaemia (thousands),https://www.who.int/data/gho/data/indicators/indicator-details/GHO/anaemia-in-women-of-reproductive-age-number-%28in-thousands%29,2014,2014,2014,AFR,Africa,GHA,Ghana,SEX,SEX_FMLE,Female,265.3,265.3 [232.2-302.6],232.2,302.6
MDG_0000000003,Adolescent birth rate (per 1000 women),https://www.who.int/data/gho/data/indicators/indicator-details/GHO/adolescent-birth-rate-%28per-1000-women-aged-15-19-years%29,2017,2017,2017,AFR,Africa,GHA,Ghana,SEX,SEX_FMLE,Female,0.864289761,0.9,,
MDG_0000000025,Births attended by skilled health personnel (%),https://www.who.int/data/gho/data/indicators/indicator-details/GHO/births-attended-by-skilled-health-personnel-%28-%29,2003,2003,2003,AFR,Africa,GHA,Ghana,,,,47.0,47,,
MDG_0000000003,Adolescent birth rate (per 1000 women),https://www.who.int/data/gho/data/indicators/indicator-details/GHO/adolescent-birth-rate-%28per-1000-women-aged-15-19-years%29,2010,2010,2010,AFR,Africa,GHA,Ghana,SEX,SEX_FMLE,Female,4.260137081,4.3,,
NUTRITION_ANAEMIA_REPRODUCTIVEAGE_NUM,Number of women of reproductive age (aged 15-49 years) with anaemia (thousands),https://www.who.int/data/gho/data/indicators/indicator-details/GHO/anaemia-in-women-of-reproductive-age-number-%28in-thousands%29,2006,2006,2006,AFR,Africa,GHA,Ghana,SEX,SEX_FMLE,Female,257.5,257.5 [222.3-294.8],222.3,294.8
NUTRITION_ANAEMIA_REPRODUCTIVEAGE_PREV,Prevalence of anaemia in women of reproductive age (aged 15-49) (%),https://www.who.int/data/gho/data/indicators/indicator-details/GHO/prevalence-of-anaemia-in-women-of-reproductive-age-%28-%29,2007,2007,2007,AFR,Africa,GHA,Ghana,SEX,SEX_FMLE,Female,44.5,44.5 [35.4-54.3],35.4,54.3
MDG_0000000003,Adolescent birth rate (per 1000 women),https://www.who.int/data/gho/data/indicators/indicator-details/GHO/adolescent-birth-rate-%28per-1000-women-aged-15-19-years%29,2015,2015,2015,AFR,Africa,GHA,Ghana,SEX,SEX_FMLE,Female,76.41703033,76.4,,
WHS4_154,Antenatal care coverage - at least four visits (%),https://www.who.int/data/gho/data/indicators/indicator-details/GHO/antenatal-care-coverage-at-least-four-visits,1993,1990,1993,AFR,Africa,GHA,Ghana,,,,58.9,58.9,,
NUTRITION_ANAEMIA_REPRODUCTIVEAGE_NUM,Number of women of reproductive age (aged 15-49 years) with anaemia (thousands),https://www.who.int/data/gho/data/indicators/indicator-details/GHO/anaemia-in-women-of-reproductive-age-number-%28in-thousands%29,2022,2022,2022,AFR,Africa,GHA,Ghana,SEX,SEX_FMLE,Female,2782.8,2782.8 [2126.3-3483.9],2126.3,3483.9
NUTRITION_ANAEMIA_REPRODUCTIVEAGE_PREV,Prevalence of anaemia in women of reproductive age (aged 15-49) (%),https://www.who.int/data/gho/data/indicators/indicator-details/GHO/prevalence-of-anaemia-in-women-of-reproductive-age-%28-%29,2009,2009,2009,AFR,Africa,GHA,Ghana,SEX,SEX_FMLE,Female,50.5,50.5 [43.4-58.2],43.4,58.2
NUTRITION_ANAEMIA_REPRODUCTIVEAGE_NUM,Number of women of reproductive age (aged 15-49 years) with anaemia (thousands),https://www.who.int/data/gho/data/indicators/indicator-details/GHO/anaemia-in-women-of-reproductive-age-number-%28in-thousands%29,2007,2007,2007,AFR,Africa,GHA,Ghana,SEX,SEX_FMLE,Female,2679.7,2679.7 [2164.0-3232.6],2164.0,3232.6
NUTRITION_ANAEMIA_REPRODUCTIVEAGE_NUM,Number of women of reproductive age (aged 15-49 years) with anaemia (thousands),https://www.who.int/data/gho/data/indicators/indicator-details/GHO/anaemia-in-women-of-reproductive-age-number-%28in-thousands%29,2005,2005,2005,AFR,Africa,GHA,Ghana,SEX,SEX_FMLE,Female,2308.6,2308.6 [1843.0-2823.6],1843.0,2823.6
NUTRITION_ANAEMIA_REPRODUCTIVEAGE_PREV,Prevalence of anaemia in women of reproductive age (aged 15-49) (%),https://www.who.int/data/gho/data/indicators/indicator-details/GHO/prevalence-of-anaemia-in-women-of-reproductive-age-%28-%29,2010,2010,2010,AFR,Africa,GHA,Ghana,SEX,SEX_FMLE,Female,42.9,42.9 [34.3-51.6],34.3,51.6
MDG_0000000003,Adolescent birth rate (per 1000 women),https://www.who.int/data/gho/data/indicators/indicator-details/GHO/adolescent-birth-rate-%28per-1000-women-aged-15-19-years%29,2004,2004,2004,AFR,Africa,GHA,Ghana,SEX,SEX_FMLE,Female,80.37306976,80.4,,
MDG_0000000025,Births attended by skilled health personnel (%),https://www.who.int/data/gho/data/indicators/indicator-details/GHO/births-attended-by-skilled-health-personnel-%28-%29,2014,2014,2014,AFR,Africa,GHA,Ghana,,,,71.0,71,,
NUTRITION_ANAEMIA_REPRODUCTIVEAGE_NUM,Number of women of reproductive age (aged 15-49 years) with anaemia (thousands),https://www.who.int/data/gho/data/indicators/indicator-details/GHO/anaemia-in-women-of-reproductive-age-number-%28in-thousands%29,2017,2017,2017,AFR,Africa,GHA,Ghana,SEX,SEX_FMLE,Female,2854.1,2854.1 [2339.0-3405.3],2339.0,3405.3
MDG_0000000003,Adolescent birth rate (per 1000 women),https://www.who.int/data/gho/data/indicators/indicator-details/GHO/adolescent-birth-rate-%28per-1000-women-aged-15-19-years%29,2006,2006,2006,AFR,Africa,GHA,Ghana,SEX,SEX_FMLE,Female,84.10835266,84.1,,
MDG_0000000003,Adolescent birth rate (per 1000 women),https://www.who.int/data/gho/data/indicators/indicator-details/GHO/adolescent-birth-rate-%28per-1000-women-aged-15-19-years%29,2007,2007,2007,AFR,Africa,GHA,Ghana,SEX,SEX_FMLE,Female,3.669129133,3.7,,
MDG_0000000003,Adolescent birth rate (per 1000 women),https://www.who.int/data/gho/data/indicators/indicator-details/GHO/adolescent-birth-rate-%28per-1000-women-aged-15-19-years%29,2011,2011,2011,AFR,Africa,GHA,Ghana,SEX,SEX_FMLE,Female,60.0,60.0,,
NUTRITION_ANAEMIA_REPRODUCTIVEAGE_PREV,Prevalence of anaemia in women of reproductive age (aged 15-49) (%),https://www.who.int/data/gho/data/indicators/indicator-details/GHO/prevalence-of-anaemia-in-women-of-reproductive-age-%28-%29,2000,2000,2000,AFR,Africa,GHA,Ghana,SEX,SEX_FMLE,Female,47.1,47.1 [36.4-58.8],36.4,58.8
NUTRITION_ANAEMIA_REPRODUCTIVEAGE_NUM,Number of women of reproductive age (aged 15-49 years) with anaemia (thousands),https://www.who.int/data/gho/data/indicators/indicator-details/GHO/anaemia-in-women-of-reproductive-age-number-%28in-thousands%29,2003,2003,2003,AFR,Africa,GHA,Ghana,SEX,SEX_FMLE,Female,2178.5,2178.5 [1731.9-2682.8],1731.9,2682.8
MDG_0000000003,Adolescent birth rate (per 1000 women),https://www.who.int/data/gho/data/indicators/indicator-details/GHO/adolescent-birth-rate-%28per-1000-women-aged-15-19-years%29,2017,2017,2017,AFR,Africa,GHA,Ghana,SEX,SEX_FMLE,Female,73.83238983,73.8,,
NUTRITION_ANAEMIA_REPRODUCTIVEAGE_NUM,Number of women of reproductive age (aged 15-49 years) with anaemia (thousands),https://www.who.int/data/gho/data/indicators/indicator-details/GHO/anaemia-in-women-of-reproductive-age-number-%28in-thousands%29,2008,2008,2008,AFR,Africa,GHA,Ghana,SEX,SEX_FMLE,Female,2721.4,2721.4 [2193.4-3276.2],2193.4,3276.2
NUTRITION_ANAEMIA_REPRODUCTIVEAGE_NUM,Number of women of reproductive age (aged 15-49 years) with anaemia (thousands),https://www.who.int/data/gho/data/indicators/indicator-details/GHO/anaemia-in-women-of-reproductive-age-number-%28in-thousands%29,2016,2016,2016,AFR,Africa,GHA,Ghana,SEX,SEX_FMLE,Female,2576.2,2576.2 [2075.5-3108.2],2075.5,3108.2
MDG_0000000003,Adolescent birth rate (per 1000 women),https://www.who.int/data/gho/data/indicators/indicator-details/GHO/adolescent-birth-rate-%28per-1000-women-aged-15-19-years%29,2015,2015,2015,AFR,Africa,GHA,Ghana,SEX,SEX_FMLE,Female,1.907738566,1.9,,
NUTRITION_ANAEMIA_REPRODUCTIVEAGE_PREV,Prevalence of anaemia in women of reproductive age (aged 15-49) (%),https://www.who.int/data/gho/data/indicators/indicator-details/GHO/prevalence-of-anaemia-in-women-of-reproductive-age-%28-%29,2023,2023,2023,AFR,Africa,GHA,Ghana,SEX,SEX_FMLE,Female,45.3,45.3 [37.6-53.3],37.6,53.3
NUTRITION_ANAEMIA_REPRODUCTIVEAGE_NUM,Number of women of reproductive age (aged 15-49 years) with anaemia (thousands),https://www.who.int/data/gho/data/indicators/indicator-details/GHO/anaemia-in-women-of-reproductive-age-number-%28in-thousands%29,2005,2005,2005,AFR,Africa,GHA,Ghana,SEX,SEX_FMLE,Female,2565.5,2565.5 [2085.7-3098.3],2085.7,3098.3
NUTRITION_ANAEMIA_REPRODUCTIVEAGE_NUM,Number of women of reproductive age (aged 15-49 years) with anaemia (thousands),https://www.who.int/data/gho/data/indicators/indicator-details/GHO/anaemia-in-women-of-reproductive-age-number-%28in-thousands%29,2017,2017,2017,AFR,Africa,GHA,Ghana,SEX,SEX_FMLE,Female,253.2,253.2 [223.4-287.8],223.4,287.8
NUTRITION_ANAEMIA_REPRODUCTIVEAGE_PREV,Prevalence of anaemia in women of reproductive age (aged 15-49) (%),https://www.who.int/data/gho/data/indicators/indicator-details/GHO/prevalence-of-anaemia-in-women-of-reproductive-age-%28-%29,2019,2019,2019,AFR,Africa,GHA,Ghana,SEX,SEX_FMLE,Female,36.8,36.8 [29.8-44.4],29.8,44.4
NUTRITION_ANAEMIA_REPRODUCTIVEAGE_NUM,Number of women of reproductive age (aged 15-49 years) with anaemia (thousands),https://www.who.int/data/gho/data/indicators/indicator-details/GHO/anaemia-in-women-of-reproductive-age-number-%28in-thousands%29,2020,2020,2020,AFR,Africa,GHA,Ghana,SEX,SEX_FMLE,Female,2933.4,2933.4 [2353.3-3556.1],2353.3,3556.1
NUTRITION_ANAEMIA_REPRODUCTIVEAGE_PREV,Prevalence of anaemia in women of reproductive age (aged 15-49) (%),https://www.who.int/data/gho/data/indicators/indicator-details/GHO/prevalence-of-anaemia-in-women-of-reproductive-age-%28-%29,2003,2003,2003,AFR,Africa,GHA,Ghana,SEX,SEX_FMLE,Female,53.3,53.3 [46.2-61.1],46.2,61.1
MDG_0000000003,Adolescent birth rate (per 1000 women),https://www.who.int/data/gho/data/indicators/indicator-details/GHO/adolescent-birth-rate-%28per-1000-women-aged-15-19-years%29,2021,2021,2021,AFR,Africa,GHA,Ghana,SEX,SEX_FMLE,Female,63.0,63.0,,
NUTRITION_ANAEMIA_REPRODUCTIVEAGE_PREV,Prevalence of anaemia in women of reproductive age (aged 15-49) (%),https://www.who.int/data/gho/data/indicators/indicator-details/GHO/prevalence-of-anaemia-in-women-of-reproductive-age-%28-%29,2015,2015,2015,AFR,Africa,GHA,Ghana,SEX,SEX_FMLE,Female,38.4,38.4 [30.8-46.4],30.8,46.4
WHS4_154,Antenatal care coverage - at least four visits (%),https://www.who.int/data/gho/data/indicators/indicator-details/GHO/antenatal-care-coverage-at-least-four-visits,2017,2012,2017,AFR,Africa,GHA,Ghana,,,,89.3,89.3,,
NUTRITION_ANAEMIA_REPRODUCTIVEAGE_NUM,Number of women of reproductive age (aged 15-49 years) with anaemia (thousands),https://www.who.int/data/gho/data/indicators/indicator-details/GHO/anaemia-in-women-of-reproductive-age-number-%28in-thousands%29,2008,2008,2008,AFR,Africa,GHA,Ghana,SEX,SEX_FMLE,Female,2464.6,2464.6 [1952.8-3004.8],1952.8,3004.8
NUTRITION_ANAEMIA_REPRODUCTIVEAGE_PREV,Prevalence of anaemia in women of reproductive age (aged 15-49) (%),https://www.who.int/data/gho/data/indicators/indicator-details/GHO/prevalence-of-anaemia-in-women-of-reproductive-age-%28-%29,2021,2021,2021,AFR,Africa,GHA,Ghana,SEX,SEX_FMLE,Female,36.1,36.1 [28.6-44.2],28.6,44.2
NUTRITION_ANAEMIA_REPRODUCTIVEAGE_NUM,Number of women of reproductive age (aged 15-49 years) with anaemia (thousands),https://www.who.int/data/gho/data/indicators/indicator-details/GHO/anaemia-in-women-of-reproductive-age-number-%28in-thousands%29,2006,2006,2006,AFR,Africa,GHA,Ghana,SEX,SEX_FMLE,Female,2368.9,2368.9 [1888.9-2890.9],1888.9,2890.9
MDG_0000000003,Adolescent birth rate (per 1000 women),https://www.who.int/data/gho/data/indicators/indicator-details/GHO/adolescent-birth-rate-%28per-1000-women-aged-15-19-years%29,2013,2013,2013,AFR,Africa,GHA,Ghana,SEX,SEX_FMLE,Female,2.366592646,2.4,,
SRHINSTITUTIONALBIRTH,Proportion of births delivered in a health facility (Facility births) (%),https://www.who.int/data/gho/data/indicators/indicator-details/GHO/institutional-births-%28-%29,2008,2003,2008,AFR,Africa,GHA,Ghana,,,,57.1,57.1,,
MDG_0000000003,Adolescent birth rate (per 1000 women),https://www.who.int/data/gho/data/indicators/indicator-details/GHO/adolescent-birth-rate-%28per-1000-women-aged-15-19-years%29,2018,2018,2018,AFR,Africa,GHA,Ghana,SEX,SEX_FMLE,Female,78.01785278,78.0,,
NUTRITION_ANAEMIA_REPRODUCTIVEAGE_PREV,Prevalence of anaemia in women of reproductive age (aged 15-49) (%),https://www.who.int/data/gho/data/indicators/indicator-details/GHO/prevalence-of-anaemia-in-women-of-reproductive-age-%28-%29,2013,2013,2013,AFR,Africa,GHA,Ghana,SEX,SEX_FMLE,Female,39.9,39.9 [31.8-48.2],31.8,48.2
SRHINSTITUTIONALBIRTH,Proportion of births delivered in a health facility (Facility births) (%),https://www.who.int/data/gho/data/indicators/indicator-details/GHO/institutional-births-%28-%29,2007,2002,2007,AFR,Africa,GHA,Ghana,,,,54.3,54.3,,
NUTRITION_ANAEMIA_REPRODUCTIVEAGE_PREV,Prevalence of anaemia in women of reproductive age (aged 15-49) (%),https://www.who.int/data/gho/data/indicators/indicator-details/GHO/prevalence-of-anaemia-in-women-of-reproductive-age-%28-%29,2001,2001,2001,AFR,Africa,GHA,Ghana,SEX,SEX_FMLE,Female,46.8,46.8 [37.2-57.7],37.2,57.7
NUTRITION_ANAEMIA_REPRODUCTIVEAGE_PREV,Prevalence of anaemia in women of reproductive age (aged 15-49) (%),https://www.who.int/data/gho/data/indicators/indicator-details/GHO/prevalence-of-anaemia-in-women-of-reproductive-age-%28-%29,2008,2008,2008,AFR,Africa,GHA,Ghana,SEX,SEX_FMLE,Female,44.5,44.5 [35.8-53.5],35.8,53.5
NUTRITION_ANAEMIA_REPRODUCTIVEAGE_PREV,Prevalence of anaemia in women of reproductive age (aged 15-49) (%),https://www.who.int/data/gho/data/indicators/indicator-details/GHO/prevalence-of-anaemia-in-women-of-reproductive-age-%28-%29,2012,2012,2012,AFR,Africa,GHA,Ghana,SEX,SEX_FMLE,Female,48.6,48.6 [42.1-55.7],42.1,55.7
NUTRITION_ANAEMIA_REPRODUCTIVEAGE_PREV,Prevalence of anaemia in women of reproductive age (aged 15-49) (%),https://www.who.int/data/gho/data/indicators/indicator-details/GHO/prevalence-of-anaemia-in-women-of-reproductive-age-%28-%29,2016,2016,2016,AFR,Africa,GHA,Ghana,SEX,SEX_FMLE,Female,46.7,46.7 [41.1-53.1],41.1,53.1
NUTRITION_ANAEMIA_REPRODUCTIVEAGE_PREV,Prevalence of anaemia in women of reproductive age (aged 15-49) (%),https://www.who.int/data/gho/data/indicators/indicator-details/GHO/prevalence-of-anaemia-in-women-of-reproductive-age-%28-%29,2017,2017,2017,AFR,Africa,GHA,Ghana,SEX,SEX_FMLE,Female,37.8,37.8 [31.0-45.1],31.0,45.1
NUTRITION_ANAEMIA_REPRODUCTIVEAGE_NUM,Number of women of reproductive age (aged 15-49 years) with anaemia (thousands),https://www.who.int/data/gho/data/indicators/indicator-details/GHO/anaemia-in-women-of-reproductive-age-number-%28in-thousands%29,2019,2019,2019,AFR,Africa,GHA,Ghana,SEX,SEX_FMLE,Female,2649.3,2649.3 [2120.2-3233.7],2120.2,3233.7
NUTRITION_ANAEMIA_REPRODUCTIVEAGE_PREV,Prevalence of anaemia in women of reproductive age (aged 15-49) (%),https://www.who.int/data/gho/data/indicators/indicator-details/GHO/prevalence-of-anaemia-in-women-of-reproductive-age-%28-%29,2022,2022,2022,AFR,Africa,GHA,Ghana,SEX,SEX_FMLE,Female,36.0,36.0 [27.9-44.5],27.9,44.5
NUTRITION_ANAEMIA_REPRODUCTIVEAGE_PREV,Prevalence of anaemia in women of reproductive age (aged 15-49) (%),https://www.who.int/data/gho/data/indicators/indicator-details/GHO/prevalence-of-anaemia-in-women-of-reproductive-age-%28-%29,2017,2017,2017,AFR,Africa,GHA,Ghana,SEX,SEX_FMLE,Female,37.1,37.1 [30.0-44.9],30.0,44.9
NUTRITION_ANAEMIA_REPRODUCTIVEAGE_PREV,Prevalence of anaemia in women of reproductive age (aged 15-49) (%),https://www.who.int/data/gho/data/indicators/indicator-details/GHO/prevalence-of-anaemia-in-women-of-reproductive-age-%28-%29,2016,2016,2016,AFR,Africa,GHA,Ghana,SEX,SEX_FMLE,Female,38.4,38.4 [31.4-45.8],31.4,45.8
NUTRITION_ANAEMIA_REPRODUCTIVEAGE_NUM,Number of women of reproductive age (aged 15-49 years) with anaemia (thousands),https://www.who.int/data/gho/data/indicators/indicator-details/GHO/anaemia-in-women-of-reproductive-age-number-%28in-thousands%29,2013,2013,2013,AFR,Africa,GHA,Ghana,SEX,SEX_FMLE,Female,2530.6,2530.6 [2015.5-3057.3],2015.5,3057.3
NUTRITION_ANAEMIA_REPRODUCTIVEAGE_NUM,Number of women of reproductive age (aged 15-49 years) with anaemia (thousands),https://www.who.int/data/gho/data/indicators/indicator-details/GHO/anaemia-in-women-of-reproductive-age-number-%28in-thousands%29,2020,2020,2020,AFR,Africa,GHA,Ghana,SEX,SEX_FMLE,Female,2683.5,2683.5 [2117.4-3295.3],2117.4,3295.3
NUTRITION_ANAEMIA_REPRODUCTIVEAGE_NUM,Number of women of reproductive age (aged 15-49 years) with anaemia (thousands),https://www.who.int/data/gho/data/indicators/indicator-details/GHO/anaemia-in-women-of-reproductive-age-number-%28in-thousands%29,2021,2021,2021,AFR,Africa,GHA,Ghana,SEX,SEX_FMLE,Female,250.0,250.0 [215.3-287.2],215.3,287.2
NUTRITION_ANAEMIA_REPRODUCTIVEAGE_PREV,Prevalence of anaemia in women of reproductive age (aged 15-49) (%),https://www.who.int/data/gho/data/indicators/indicator-details/GHO/prevalence-of-anaemia-in-women-of-reproductive-age-%28-%29,2006,2006,2006,AFR,Africa,GHA,Ghana,SEX,SEX_FMLE,Female,45.5,45.5 [36.9-54.8],36.9,54.8
NUTRITION_ANAEMIA_REPRODUCTIVEAGE_NUM,Number of women of reproductive age (aged 15-49 years) with anaemia (thousands),https://www.who.int/data/gho/data/indicators/indicator-details/GHO/anaemia-in-women-of-reproductive-age-number-%28in-thousands%29,2000,2000,2000,AFR,Africa,GHA,Ghana,SEX,SEX_FMLE,Female,2227.5,2227.5 [1723.0-2780.3],1723.0,2780.3
WHS4_154,Antenatal care coverage - at least four visits (%),https://www.who.int/data/gho/data/indicators/indicator-details/GHO/antenatal-care-coverage-at-least-four-visits,2022,2020,2022,AFR,Africa,GHA,Ghana,,,,87.8,87.8,,
NUTRITION_ANAEMIA_REPRODUCTIVEAGE_NUM,Number of women of reproductive age (aged 15-49 years) with anaemia (thousands),https://www.who.int/data/gho/data/indicators/indicator-details/GHO/anaemia-in-women-of-reproductive-age-number-%28in-thousands%29,2005,2005,2005,AFR,Africa,GHA,Ghana,SEX,SEX_FMLE,Female,256.9,256.9 [222.6-294.0],222.6,294.0
NUTRITION_ANAEMIA_REPRODUCTIVEAGE_NUM,Number of women of reproductive age (aged 15-49 years) with anaemia (thousands),https://www.who.int/data/gho/data/indicators/indicator-details/GHO/anaemia-in-women-of-reproductive-age-number-%28in-thousands%29,2009,2009,2009,AFR,Africa,GHA,Ghana,SEX,SEX_FMLE,Female,2492.6,2492.6 [1967.0-3044.3],1967.0,3044.3
MDG_0000000003,Adolescent birth rate (per 1000 women),https://www.who.int/data/gho/data/indicators/indicator-details/GHO/adolescent-birth-rate-%28per-1000-women-aged-15-19-years%29,2005,2005,2005,AFR,Africa,GHA,Ghana,SEX,SEX_FMLE,Female,80.14549255,80.1,,
NUTRITION_ANAEMIA_REPRODUCTIVEAGE_NUM,Number of women of reproductive age (aged 15-49 years) with anaemia (thousands),https://www.who.int/data/gho/data/indicators/indicator-details/GHO/anaemia-in-women-of-reproductive-age-number-%28in-thousands%29,2007,2007,2007,AFR,Africa,GHA,Ghana,SEX,SEX_FMLE,Female,2423.1,2423.1 [1927.2-2959.9],1927.2,2959.9
WHS4_154,Antenatal care coverage - at least four visits (%),https://www.who.int/data/gho/data/indicators/indicator-details/GHO/antenatal-care-coverage-at-least-four-visits,2018,2015,2018,AFR,Africa,GHA,Ghana,,,,85.0,85,,
SRHINSTITUTIONALBIRTH,Proportion of births delivered in a health facility (Facility births) (%),https://www.who.int/data/gho/data/indicators/indicator-details/GHO/institutional-births-%28-%29,2003,1998,2003,AFR,Africa,GHA,Ghana,,,,45.7,45.7,,
NUTRITION_ANAEMIA_REPRODUCTIVEAGE_NUM,Number of women of reproductive age (aged 15-49 years) with anaemia (thousands),https://www.who.int/data/gho/data/indicators/indicator-details/GHO/anaemia-in-women-of-reproductive-age-number-%28in-thousands%29,2022,2022,2022,AFR,Africa,GHA,Ghana,SEX,SEX_FMLE,Female,3033.7,3033.7 [2353.9-3749.1],2353.9,3749.1
MDG_0000000003,Adolescent birth rate (per 1000 women),https://www.who.int/data/gho/data/indicators/indicator-details/GHO/adolescent-birth-rate-%28per-1000-women-aged-15-19-years%29,2016,2016,2016,AFR,Africa,GHA,Ghana,SEX,SEX_FMLE,Female,75.05596924,75.1,,
NUTRITION_ANAEMIA_REPRODUCTIVEAGE_NUM,Number of women of reproductive age (aged 15-49 years) with anaemia (thousands),https://www.who.int/data/gho/data/indicators/indicator-details/GHO/anaemia-in-women-of-reproductive-age-number-%28in-thousands%29,2021,2021,2021,AFR,Africa,GHA,Ghana,SEX,SEX_FMLE,Female,2978.7,2978.7 [2362.5-3647.5],2362.5,3647.5
NUTRITION_ANAEMIA_REPRODUCTIVEAGE_PREV,Prevalence of anaemia in women of reproductive age (aged 15-49) (%),https://www.who.int/data/gho/data/indicators/indicator-details/GHO/prevalence-of-anaemia-in-women-of-reproductive-age-%28-%29,2010,2010,2010,AFR,Africa,GHA,Ghana,SEX,SEX_FMLE,Female,42.3,42.3 [33.3-51.7],33.3,51.7
NUTRITION_ANAEMIA_REPRODUCTIVEAGE_NUM,Number of women of reproductive age (aged 15-49 years) with anaemia (thousands),https://www.who.int/data/gho/data/indicators/indicator-details/GHO/anaemia-in-women-of-reproductive-age-number-%28in-thousands%29,2011,2011,2011,AFR,Africa,GHA,Ghana,SEX,SEX_FMLE,Female,2515.7,2515.7 [1987.1-3056.7],1987.1,3056.7
MDG_0000000025,Births attended by skilled health personnel (%),https://www.who.int/data/gho/data/indicators/indicator-details/GHO/births-attended-by-skilled-health-personnel-%28-%29,2007,2007,2007,AFR,Africa,GHA,Ghana,,,,55.0,55,,
NUTRITION_ANAEMIA_REPRODUCTIVEAGE_PREV,Prevalence of anaemia in women of reproductive age (aged 15-49) (%),https://www.who.int/data/gho/data/indicators/indicator-details/GHO/prevalence-of-anaemia-in-women-of-reproductive-age-%28-%29,2020,2020,2020,AFR,Africa,GHA,Ghana,SEX,SEX_FMLE,Female,45.4,45.4 [39.7-51.9],39.7,51.9
NUTRITION_ANAEMIA_REPRODUCTIVEAGE_PREV,Prevalence of anaemia in women of reproductive age (aged 15-49) (%),https://www.who.int/data/gho/data/indicators/indicator-details/GHO/prevalence-of-anaemia-in-women-of-reproductive-age-%28-%29,2018,2018,2018,AFR,Africa,GHA,Ghana,SEX,SEX_FMLE,Female,46.0,46.0 [40.5-52.2],40.5,52.2
NUTRITION_ANAEMIA_REPRODUCTIVEAGE_NUM,Number of women of reproductive age (aged 15-49 years) with anaemia (thousands),https://www.who.int/data/gho/data/indicators/indicator-details/GHO/anaemia-in-women-of-reproductive-age-number-%28in-thousands%29,2004,2004,2004,AFR,Africa,GHA,Ghana,SEX,SEX_FMLE,Female,2497.8,2497.8 [2029.1-3016.3],2029.1,3016.3
NUTRITION_ANAEMIA_REPRODUCTIVEAGE_PREV,Prevalence of anaemia in women of reproductive age (aged 15-49) (%),https://www.who.int/data/gho/data/indicators/indicator-details/GHO/prevalence-of-anaemia-in-women-of-reproductive-age-%28-%29,2008,2008,2008,AFR,Africa,GHA,Ghana,SEX,SEX_FMLE,Female,51.1,51.1 [44.0-58.7],44.0,58.7
NUTRITION_ANAEMIA_REPRODUCTIVEAGE_NUM,Number of women of reproductive age (aged 15-49 years) with anaemia (thousands),https://www.who.int/data/gho/data/indicators/indicator-details/GHO/anaemia-in-women-of-reproductive-age-number-%28in-thousands%29,2019,2019,2019,AFR,Africa,GHA,Ghana,SEX,SEX_FMLE,Female,2899.9,2899.9 [2349.1-3500.7],2349.1,3500.7
WHS4_154,Antenatal care coverage - at least four visits (%),https://www.who.int/data/gho/data/indicators/indicator-details/GHO/antenatal-care-coverage-at-least-four-visits,2014,2009,2014,AFR,Africa,GHA,Ghana,,,,87.3,87.3,,
NUTRITION_ANAEMIA_REPRODUCTIVEAGE_NUM,Number of women of reproductive age (aged 15-49 years) with anaemia (thousands),https://www.who.int/data/gho/data/indicators/indicator-details/GHO/anaemia-in-women-of-reproductive-age-number-%28in-thousands%29,2007,2007,2007,AFR,Africa,GHA,Ghana,SEX,SEX_FMLE,Female,256.6,256.6 [220.9-293.6],220.9,293.6
NUTRITION_ANAEMIA_REPRODUCTIVEAGE_NUM,Number of women of reproductive age (aged 15-49 years) with anaemia (thousands),https://www.who.int/data/gho/data/indicators/indicator-details/GHO/anaemia-in-women-of-reproductive-age-number-%28in-thousands%29,2009,2009,2009,AFR,Africa,GHA,Ghana,SEX,SEX_FMLE,Female,2751.2,2751.2 [2204.8-3318.5],2204.8,3318.5
MDG_0000000025,Births attended by skilled health personnel (%),https://www.who.int/data/gho/data/indicators/indicator-details/GHO/births-attended-by-skilled-health-personnel-%28-%29,2023,2022,2023,AFR,Africa,GHA,Ghana,,,,88.0,88,,
WHS4_154,Antenatal care coverage - at least four visits (%),https://www.who.int/data/gho/data/indicators/indicator-details/GHO/antenatal-care-coverage-at-least-four-visits,2007,2002,2007,AFR,Africa,GHA,Ghana,,,,76.7,76.7,,
NUTRITION_ANAEMIA_REPRODUCTIVEAGE_NUM,Number of women of reproductive age (aged 15-49 years) with anaemia (thousands),https://www.who.int/data/gho/data/indicators/indicator-details/GHO/anaemia-in-women-of-reproductive-age-number-%28in-thousands%29,2023,2023,2023,AFR,Africa,GHA,Ghana,SEX,SEX_FMLE,Female,253.1,253.1 [210.1-298.1],210.1,298.1
MDG_0000000025,Births attended by skilled health personnel (%),https://www.who.int/data/gho/data/indicators/indicator-details/GHO/births-attended-by-skilled-health-personnel-%28-%29,2011,2011,2011,AFR,Africa,GHA,Ghana,,,,67.0,67,,
WHS4_154,Antenatal care coverage - at least four visits (%),https://www.who.int/data/gho/data/indicators/indicator-details/GHO/antenatal-care-coverage-at-least-four-visits,2003,1998,2003,AFR,Africa,GHA,Ghana,,,,69.4,69.4,,
NUTRITION_ANAEMIA_REPRODUCTIVEAGE_NUM,Number of women of reproductive age (aged 15-49 years) with anaemia (thousands),https://www.who.int/data/gho/data/indicators/indicator-details/GHO/anaemia-in-women-of-reproductive-age-number-%28in-thousands%29,2001,2001,2001,AFR,Africa,GHA,Ghana,SEX,SEX_FMLE,Female,2044.9,2044.9 [1589.1-2564.6],1589.1,2564.6
MDG_0000000003,Adolescent birth rate (per 1000 women),https://www.who.int/data/gho/data/indicators/indicator-details/GHO/adolescent-birth-rate-%28per-1000-women-aged-15-19-years%29,2012,2012,2012,AFR,Africa,GHA,Ghana,SEX,SEX_FMLE,Female,73.27622223,73.3,,
NUTRITION_ANAEMIA_REPRODUCTIVEAGE_PREV,Prevalence of anaemia in women of reproductive age (aged 15-49) (%),https://www.who.int/data/gho/data/indicators/indicator-details/GHO/prevalence-of-anaemia-in-women-of-reproductive-age-%28-%29,2000,2000,2000,AFR,Africa,GHA,Ghana,SEX,SEX_FMLE,Female,54.1,54.1 [45.4-63.2],45.4,63.2
NUTRITION_ANAEMIA_REPRODUCTIVEAGE_NUM,Number of women of reproductive age (aged 15-49 years) with anaemia (thousands),https://www.who.int/data/gho/data/indicators/indicator-details/GHO/anaemia-in-women-of-reproductive-age-number-%28in-thousands%29,2004,2004,2004,AFR,Africa,GHA,Ghana,SEX,SEX_FMLE,Female,2246.5,2246.5 [1796.2-2752.5],1796.2,2752.5
NUTRITION_ANAEMIA_REPRODUCTIVEAGE_PREV,Prevalence of anaemia in women of reproductive age (aged 15-49) (%),https://www.who.int/data/gho/data/indicators/indicator-details/GHO/prevalence-of-anaemia-in-women-of-reproductive-age-%28-%29,2020,2020,2020,AFR,Africa,GHA,Ghana,SEX,SEX_FMLE,Female,36.4,36.4 [29.2-44.1],29.2,44.1
NUTRITION_ANAEMIA_REPRODUCTIVEAGE_NUM,Number of women of reproductive age (aged 15-49 years) with anaemia (thousands),https://www.who.int/data/gho/data/indicators/indicator-details/GHO/anaemia-in-women-of-reproductive-age-number-%28in-thousands%29,2018,2018,2018,AFR,Africa,GHA,Ghana,SEX,SEX_FMLE,Female,2622.9,2622.9 [2113.8-3185.5],2113.8,3185.5
NUTRITION_ANAEMIA_REPRODUCTIVEAGE_PREV,Prevalence of anaemia in women of reproductive age (aged 15-49) (%),https://www.who.int/data/gho/data/indicators/indicator-details/GHO/prevalence-of-anaemia-in-women-of-reproductive-age-%28-%29,2002,2002,2002,AFR,Africa,GHA,Ghana,SEX,SEX_FMLE,Female,45.8,45.8 [36.2-57.0],36.2,57.0
SRHINSTITUTIONALBIRTH,Proportion of births delivered in a health facility (Facility births) (%),https://www.who.int/data/gho/data/indicators/indicator-details/GHO/institutional-births-%28-%29,2011,2009,2011,AFR,Africa,GHA,Ghana,,,,67.4,67.4,,
NUTRITION_ANAEMIA_REPRODUCTIVEAGE_PREV,Prevalence of anaemia in women of reproductive age (aged 15-49) (%),https://www.who.int/data/gho/data/indicators/indicator-details/GHO/prevalence-of-anaemia-in-women-of-reproductive-age-%28-%29,2022,2022,2022,AFR,Africa,GHA,Ghana,SEX,SEX_FMLE,Female,45.2,45.2 [38.3-52.6],38.3,52.6
WHS4_154,Antenatal care coverage - at least four visits (%),https://www.who.int/data/gho/data/indicators/indicator-details/GHO/antenatal-care-coverage-at-least-four-visits,2008,2003,2008,AFR,Africa,GHA,Ghana,,,,78.2,78.2,,
SRHINSTITUTIONALBIRTH,Proportion of births delivered in a health facility (Facility births) (%),https://www.who.int/data/gho/data/indicators/indicator-details/GHO/institutional-births-%28-%29,2022,2020,2022,AFR,Africa,GHA,Ghana,,,,86.2,86.2,,
NUTRITION_ANAEMIA_REPRODUCTIVEAGE_NUM,Number of women of reproductive age (aged 15-49 years) with anaemia (thousands),https://www.who.int/data/gho/data/indicators/indicator-details/GHO/anaemia-in-women-of-reproductive-age-number-%28in-thousands%29,2002,2002,2002,AFR,Africa,GHA,Ghana,SEX,SEX_FMLE,Female,2110.9,2110.9 [1665.4-2624.4],1665.4,2624.4
MDG_0000000003,Adolescent birth rate (per 1000 women),https://www.who.int/data/gho/data/indicators/indicator-details/GHO/adolescent-birth-rate-%28per-1000-women-aged-15-19-years%29,2009,2009,2009,AFR,Africa,GHA,Ghana,SEX,SEX_FMLE,Female,71.21380615,71.2,,
NUTRITION_ANAEMIA_REPRODUCTIVEAGE_NUM,Number of women of reproductive age (aged 15-49 years) with anaemia (thousands),https://www.who.int/data/gho/data/indicators/indicator-details/GHO/anaemia-in-women-of-reproductive-age-number-%28in-thousands%29,2002,2002,2002,AFR,Africa,GHA,Ghana,SEX,SEX_FMLE,Female,247.6,247.6 [213.3-285.3],213.3,285.3
NUTRITION_ANAEMIA_REPRODUCTIVEAGE_NUM,Number of women of reproductive age (aged 15-49 years) with anaemia (thousands),https://www.who.int/data/gho/data/indicators/indicator-details/GHO/anaemia-in-women-of-reproductive-age-number-%28in-thousands%29,2013,2013,2013,AFR,Africa,GHA,Ghana,SEX,SEX_FMLE,Female,2798.2,2798.2 [2264.8-3338.8],2264.8,3338.8
NUTRITION_ANAEMIA_REPRODUCTIVEAGE_NUM,Number of women of reproductive age (aged 15-49 years) with anaemia (thousands),https://www.who.int/data/gho/data/indicators/indicator-details/GHO/anaemia-in-women-of-reproductive-age-number-%28in-thousands%29,2004,2004,2004,AFR,Africa,GHA,Ghana,SEX,SEX_FMLE,Female,251.2,251.2 [218.7-287.7],218.7,287.7
